Code chapter breached -1,Code chapter breached -2,Code chapter breached -3,Code chapter breached -4,ANZ indentifier
43 When we are recovering a debt,,,,COM-933838
35 Joint Accounts,,,,COM-920773
14 Taking extra care with customers who may be vulnerable,,,,COM-912862
14 Taking extra care with customers who may be vulnerable,,,,COM-905156
04 Trained and competent staff,,,,COM-907041
04 Trained and competent staff,,,,COM-922508
04 Trained and competent staff,,,,COM-905150
13 Being inclusive and accessible,04 Trained and competent staff,,,COM-929891
04 Trained and competent staff,,,,COM-906400
41 We will try to help you if you are experiencing financial difficulty,,,,"COM-906306
"
17 A responsible approach to lending,,,,COM-908786
41 We will try to help you if you are experiencing financial difficulty,,,,"COM-913308
"
41 We will try to help you if you are experiencing financial difficulty,,,,COM-915809
41 We will try to help you if you are experiencing financial difficulty,,,,COM-928160
36 Closing any of your banking services,,,,COM-918335
41 We will try to help you if you are experiencing financial difficulty,04 Trained and competent staff,,,COM-920846
15 Banking services for people with a low income,16 Basic accounts or low or no fee accounts,04 Trained and competent staff,,COM-909085
,,,,COM-914434
34 Direct debits and recurring payments,,,,COM-908386
34 Direct debits and recurring payments,,,,COM-907391
34 Direct debits and recurring payments,,,,"COM-908316
"
34 Direct debits and recurring payments,,,,COM-911525
34 Direct debits and recurring payments,,,,COM-913929
34 Direct debits and recurring payments,,,,COM-916538
34 Direct debits and recurring payments,,,,COM-921831
34 Direct debits and recurring payments,,,,COM-925010
34 Direct debits and recurring payments,,,,COM-919071
34 Direct debits and recurring payments,,,,COM-927378
34 Direct debits and recurring payments,,,,COM-930719
34 Direct debits and recurring payments,,,,COM-933535
34 Direct debits and recurring payments,,,,COM-935214
34 Direct debits and recurring payments,,,,COM-938690
34 Direct debits and recurring payments,,,,COM-938760
04 Trained and competent staff,,,,COM-905989
05 Protecting confidentiality,,,,COM-906996
17 A responsible approach to lending,41 We will try to help you if you are experiencing financial difficulty,04 Trained and competent staff,,COM-907975
48 How we handle your complaint,,,,COM-908289 
41 We will try to help you if you are experiencing financial difficulty,,,,"COM-908612 
COM-920340 "
05 Protecting confidentiality,,,,COM-910452
04 Trained and competent staff,,,,COM-914434
45 Helping with deceased estates,04 Trained and competent staff,,,"COM-920949
"
45 Helping with deceased estates,04 Trained and competent staff,,,COM-919575
45 Helping with deceased estates,04 Trained and competent staff,,,COM-918610
45 Helping with deceased estates,04 Trained and competent staff,,,COM-909743
45 Helping with deceased estates,04 Trained and competent staff,,,COM-921645
45 Helping with deceased estates,04 Trained and competent staff,,,COM-918948 
45 Helping with deceased estates,04 Trained and competent staff,,,COM-915362
45 Helping with deceased estates,04 Trained and competent staff,,,COM-922812
45 Helping with deceased estates,04 Trained and competent staff,,,COM-920353 
45 Helping with deceased estates,04 Trained and competent staff,,,COM-936111
45 Helping with deceased estates,04 Trained and competent staff,,,COM-937476
41 We will try to help you if you are experiencing financial difficulty,,,,COM-904846
17 A responsible approach to lending,,,,COM-916706 
17 A responsible approach to lending,,,,COM-917091
36 Closing any of your banking services,,,,COM-923908
36 Closing any of your banking services,,,,COM-923366
36 Closing any of your banking services,,,,COM-920034
36 Closing any of your banking services,,,,COM-918225
36 Closing any of your banking services,,,,COM-922749
36 Closing any of your banking services,,,,COM-905073
36 Closing any of your banking services,,,,COM-929124
36 Closing any of your banking services,,,,COM-919192 
36 Closing any of your banking services,,,,COM-911545
36 Closing any of your banking services,,,,COM-934848
43 When we are recovering a debt,,,,COM-904302
43 When we are recovering a debt,,,,COM-907679
43 When we are recovering a debt,,,,COM-907118
43 When we are recovering a debt,,,,COM-908499
43 When we are recovering a debt,,,,COM-920479
43 When we are recovering a debt,,,,COM-921375
43 When we are recovering a debt,,,,COM-904483
43 When we are recovering a debt,,,,COM-905409
43 When we are recovering a debt,,,,COM-912279
43 When we are recovering a debt,,,,COM-907118
43 When we are recovering a debt,,,,COM-907314
43 When we are recovering a debt,,,,COM-910955
43 When we are recovering a debt,,,,COM-918215
43 When we are recovering a debt,,,,COM-921958
43 When we are recovering a debt,,,,COM-908803
43 When we are recovering a debt,,,,COM-917164
43 When we are recovering a debt,,,,COM-928800
43 When we are recovering a debt,,,,COM-904302
43 When we are recovering a debt,,,,COM-923428
43 When we are recovering a debt,,,,COM-920479
43 When we are recovering a debt,,,,COM-934981
43 When we are recovering a debt,,,,"COM-904550
COM-939864"
43 When we are recovering a debt,,,,COM-915121
43 When we are recovering a debt,,,,COM-910900
43 When we are recovering a debt,,,,COM-908667
43 When we are recovering a debt,,,,COM-907508
43 When we are recovering a debt,,,,COM-929693
43 When we are recovering a debt,,,,COM-936934
09 Communication between us and you,,,,COM-913808
43 When we are recovering a debt,,,,COM-929693
43 When we are recovering a debt,,,,COM-913177
43 When we are recovering a debt,,,,COM-918706
04 Trained and competent staff,,,,COM-905635
09 Communication between us and you,,,,COM-910413
09 Communication between us and you,,,,COM-910518
04 Trained and competent staff,09 Communication between us and you,,,COM-913303 
04 Trained and competent staff,,,,COM-916038 
26 What we will tell and give you,04 Trained and competent staff,,,COM-904365 
26 What we will tell and give you,04 Trained and competent staff,,,COM-911297 
04 Trained and competent staff,,,,COM-912122 
26 What we will tell and give you,,,,COM-912565 
09 Communication between us and you,,,,COM-916314 
04 Trained and competent staff,,,,COM-926697 
05 Protecting confidentiality,,,,COM-928839 
05 Protecting confidentiality,,,,COM-904432 
36 Closing any of your banking services,,,,COM-904542 
04 Trained and competent staff,,,,COM-905269 
,,,,"COM-924857 
"
,,,,COM-925280
,,,,COM-925603
33 Managing a credit card,,,,COM-912563 
33 Managing a credit card,,,,COM-913303
33 Managing a credit card,,,,COM-928011
33 Managing a credit card,,,,COM-931241
33 Managing a credit card,,,,COM-913801 
33 Managing a credit card,,,,COM-936518
33 Managing a credit card,04 Trained and competent staff,,,COM-910936 
33 Managing a credit card,04 Trained and competent staff,,,COM-909415
33 Managing a credit card,04 Trained and competent staff,,,COM-910482
33 Managing a credit card,04 Trained and competent staff,,,COM-913628
33 Managing a credit card,04 Trained and competent staff,,,COM-909568
33 Managing a credit card,04 Trained and competent staff,,,COM-914415
33 Managing a credit card,04 Trained and competent staff,,,COM-916554
09 Communication between us and you,,,,COM-905176 
09 Communication between us and you,,,,COM-904639
09 Communication between us and you,,,,COM-904669
09 Communication between us and you,,,,COM-905305
09 Communication between us and you,,,,COM-905466
09 Communication between us and you,,,,COM-905758
09 Communication between us and you,,,,COM-905857
09 Communication between us and you,,,,COM-905894
09 Communication between us and you,,,,COM-906246
09 Communication between us and you,,,,COM-906259
09 Communication between us and you,,,,COM-906418
09 Communication between us and you,,,,COM-906539
09 Communication between us and you,,,,COM-907943
09 Communication between us and you,,,,COM-909941
09 Communication between us and you,,,,COM-909206 
09 Communication between us and you,,,,COM-910629
09 Communication between us and you,,,,COM-910651
09 Communication between us and you,,,,COM-918714
09 Communication between us and you,,,,COM-920205
09 Communication between us and you,,,,COM-907894
09 Communication between us and you,,,,COM-915491
09 Communication between us and you,,,,COM-921662 
09 Communication between us and you,,,,COM-920891 
09 Communication between us and you,,,,COM-906049 
09 Communication between us and you,,,,COM-916025 
09 Communication between us and you,,,,COM-909363
09 Communication between us and you,,,, COM-919575
09 Communication between us and you,,,,COM-906178
09 Communication between us and you,,,,COM-928314
09 Communication between us and you,,,,COM-919060
09 Communication between us and you,,,,COM-918271
09 Communication between us and you,,,,COM-915380
09 Communication between us and you,,,,COM-913623
09 Communication between us and you,,,,COM-912349
09 Communication between us and you,,,,COM-909953
09 Communication between us and you,,,,COM-928330
09 Communication between us and you,,,,COM-927773
09 Communication between us and you,,,,COM-922944
09 Communication between us and you,,,,COM-922853
09 Communication between us and you,,,,COM-920794
09 Communication between us and you,,,,COM-919636
09 Communication between us and you,,,,COM-917311
09 Communication between us and you,,,,COM-915532
09 Communication between us and you,,,,COM-915329
09 Communication between us and you,,,,COM-913756
09 Communication between us and you,,,,COM-911608
09 Communication between us and you,,,,COM-936583
09 Communication between us and you,,,,COM-939348
09 Communication between us and you,,,,COM-939340
09 Communication between us and you,,,,COM-939725
09 Communication between us and you,,,,COM-930362
09 Communication between us and you,,,,COM-914198
09 Communication between us and you,,,,COM-910420
09 Communication between us and you,,,,COM-920024
04 Trained and competent staff,,,,COM-910647 
04 Trained and competent staff,,,,COM-916203
04 Trained and competent staff,,,,COM-919024
04 Trained and competent staff,,,,COM-922508
04 Trained and competent staff,,,,COM-914882
04 Trained and competent staff,,,,COM-928853
04 Trained and competent staff,,,,COM-917169
04 Trained and competent staff,,,,COM-909255 
04 Trained and competent staff,,,,COM-926607
04 Trained and competent staff,,,,COM-929511
04 Trained and competent staff,,,,COM-917146
43 When we are recovering a debt,48 How we handle your complaint,,,COM-913040 
43 When we are recovering a debt,48 How we handle your complaint,,,COM-922184 
31 Statements we will send you,,,,COM-908775 
17 A responsible approach to lending,,,,COM-907975 
17 A responsible approach to lending,,,,COM-909747 
43 When we are recovering a debt,,,,COM-931967
43 When we are recovering a debt,,,,COM-906831 
17 A responsible approach to lending,,,,COM-914074 
10 Responding to your request for information,,,,COM-909466 
05 Protecting confidentiality,,,,COM-913231 
48 How we handle your complaint,,,,COM-914957 
05 Protecting confidentiality,,,,COM-909385 
43 When we are recovering a debt,,,,"COM-929790 
COM-918722
COM-928113
COM-907051"
43 When we are recovering a debt,,,,COM-918722
43 When we are recovering a debt,,,,COM-928113
43 When we are recovering a debt,,,,COM-907051
43 When we are recovering a debt,,,,COM-916524 
05 Protecting confidentiality,43 When we are recovering a debt,,,COM-923207 
35 Joint Accounts,,,,COM-913159
35 Joint Accounts,,,,COM-929509 
35 Joint Accounts,,,,COM-929283 
35 Joint Accounts,,,,COM-927472 
35 Joint Accounts,,,,COM-938492
05 Protecting confidentiality,,,,COM-920147 
17 A responsible approach to lending,,,,COM-909078 
41 We will try to help you if you are experiencing financial difficulty,17 A responsible approach to lending,,,COM-906486 
05 Protecting confidentiality,,,,COM-915962 
05 Protecting confidentiality,,,,COM-925792 
15 Banking services for people with a low income,,,,COM-927285
14 Taking extra care with customers who may be vulnerable,,,,COM-911594 
14 Taking extra care with customers who may be vulnerable,,,,COM-916663 
43 When we are recovering a debt,04 Trained and competent staff,,,COM-920192 
17 A responsible approach to lending,,,,COM-909747 
47 If you have a complaint about us,,,,COM-918684 
04 Trained and competent staff,,,,COM-933699
05 Protecting confidentiality,,,,COM-934131
36 Closing any of your banking services,,,,COM-930512
05 Protecting confidentiality,,,,COM-937129
05 Protecting confidentiality,,,,COM-939242
09 Communication between us and you,04 Trained and competent staff,,,COM-929943
09 Communication between us and you,04 Trained and competent staff,,,COM-930153
09 Communication between us and you,04 Trained and competent staff,,,COM-930266
09 Communication between us and you,04 Trained and competent staff,,,COM-935485
09 Communication between us and you,04 Trained and competent staff,,,COM-938125
09 Communication between us and you,04 Trained and competent staff,,,COM-938332
09 Communication between us and you,04 Trained and competent staff,,,COM-939165
09 Communication between us and you,04 Trained and competent staff,,,COM-931355
09 Communication between us and you,04 Trained and competent staff,,,COM-936781
09 Communication between us and you,04 Trained and competent staff,,,COM-937734
08 Providing you with information,,,,COM-930294
08 Providing you with information,,,,COM-930335
08 Providing you with information,,,,COM-930890
08 Providing you with information,,,,COM-930938
08 Providing you with information,,,,COM-931194
08 Providing you with information,,,,COM-931690
08 Providing you with information,,,,COM-932609
08 Providing you with information,,,,COM-932743
08 Providing you with information,,,,COM-935153
08 Providing you with information,,,,COM-936610
08 Providing you with information,,,,COM-939290
08 Providing you with information,,,,COM-939257
08 Providing you with information,,,,COM-934400
08 Providing you with information,,,,COM-930549
08 Providing you with information,,,,COM-935437
08 Providing you with information,,,,COM-919575 
08 Providing you with information,,,,COM-910948
08 Providing you with information,,,,COM-909499
08 Providing you with information,,,,COM-927723
08 Providing you with information,,,,COM-923280
08 Providing you with information,,,,COM-922932
08 Providing you with information,,,,COM-922816
08 Providing you with information,,,,COM-921578
08 Providing you with information,,,,COM-919667
08 Providing you with information,,,,COM-919530
08 Providing you with information,,,,COM-918780
08 Providing you with information,,,,COM-918554
08 Providing you with information,,,,COM-912853
08 Providing you with information,,,,COM-911986
08 Providing you with information,,,,COM-905121
08 Providing you with information,,,,COM-909337
08 Providing you with information,,,,COM-908587
08 Providing you with information,,,,COM-929653
08 Providing you with information,,,,COM-929618
08 Providing you with information,,,,COM-929507
08 Providing you with information,,,,COM-909967
08 Providing you with information,,,,COM-915844
08 Providing you with information,,,,COM-911551
08 Providing you with information,,,,COM-910699
08 Providing you with information,,,,COM-909967
08 Providing you with information,,,,COM-921492
08 Providing you with information,,,,COM-915355
08 Providing you with information,,,,COM-906921
08 Providing you with information,,,,COM-908587
08 Providing you with information,,,,COM-907267
08 Providing you with information,,,,COM-934355
08 Providing you with information,,,,COM-935482
08 Providing you with information,,,,COM-938959
08 Providing you with information,,,,"COM-930854
"
08 Providing you with information,,,,COM-932436
08 Providing you with information,,,,COM-932452
09 Communication between us and you,11 What information we will give you,,,COM-931003
08 Providing you with information,,,,COM-931122
48 How we handle your complaint,,,,COM-931802
14 Taking extra care with customers who may be vulnerable,13 Being inclusive and accessible,14 Taking extra care with customers who may be vulnerable,,COM-935139
14 Taking extra care with customers who may be vulnerable,13 Being inclusive and accessible,14 Taking extra care with customers who may be vulnerable,,COM-937710
15 Banking services for people with a low income,,,,COM-938533
14 Taking extra care with customers who may be vulnerable,,,,COM-932410
14 Taking extra care with customers who may be vulnerable,14 Taking extra care with customers who may be vulnerable,,,COM-933486
28 Withdrawing or ending your guarantee,,,,COM-935250
08 Providing you with information,,,,COM-936884
20 Helping a small business when it applies for a loan,,,,COM-937770
10 Responding to your request for information,,,,COM-935243
41 We will try to help you if you are experiencing financial difficulty,,,,COM-931165
41 We will try to help you if you are experiencing financial difficulty,,,,COM-931300
41 We will try to help you if you are experiencing financial difficulty,,,,COM-904846
41 We will try to help you if you are experiencing financial difficulty,,,,COM-931674
42 When you are in default,04 Trained and competent staff,,,"COM-935461
COM-936033"
36 Closing any of your banking services,,,,COM-936218
43 When we are recovering a debt,,,,COM-936934
17 A responsible approach to lending,,,,COM-937717
17 A responsible approach to lending,,,,COM-937885
36 Closing any of your banking services,,,,COM-938802
,,,,
